/*
SQLyog Ultimate v13.1.1 (64 bit)
MySQL - 10.1.35-MariaDB : Database - db_iden_tulisantangan
*********************************************************************
*/

/*!40101 SET NAMES utf8 */;

/*!40101 SET SQL_MODE=''*/;

/*!40014 SET @OLD_UNIQUE_CHECKS=@@UNIQUE_CHECKS, UNIQUE_CHECKS=0 */;
/*!40014 SET @OLD_FOREIGN_KEY_CHECKS=@@FOREIGN_KEY_CHECKS, FOREIGN_KEY_CHECKS=0 */;
/*!40101 SET @OLD_SQL_MODE=@@SQL_MODE, SQL_MODE='NO_AUTO_VALUE_ON_ZERO' */;
/*!40111 SET @OLD_SQL_NOTES=@@SQL_NOTES, SQL_NOTES=0 */;
CREATE DATABASE /*!32312 IF NOT EXISTS*/`db_iden_tulisantangan` /*!40100 DEFAULT CHARACTER SET latin1 */;

USE `db_iden_tulisantangan`;

/*Table structure for table `alembic_version` */

DROP TABLE IF EXISTS `alembic_version`;

CREATE TABLE `alembic_version` (
  `version_num` varchar(32) NOT NULL,
  PRIMARY KEY (`version_num`)
) ENGINE=InnoDB DEFAULT CHARSET=latin1;

/*Data for the table `alembic_version` */

insert  into `alembic_version`(`version_num`) values 
('e945bfce5459');

/*Table structure for table `tb_dataset` */

DROP TABLE IF EXISTS `tb_dataset`;

CREATE TABLE `tb_dataset` (
  `dataset_id` int(11) NOT NULL AUTO_INCREMENT,
  `nama_dataset` varchar(255) DEFAULT NULL,
  `lokasi` varchar(255) DEFAULT NULL,
  PRIMARY KEY (`dataset_id`)
) ENGINE=InnoDB AUTO_INCREMENT=8 DEFAULT CHARSET=latin1;

/*Data for the table `tb_dataset` */

insert  into `tb_dataset`(`dataset_id`,`nama_dataset`,`lokasi`) values 
(1,'Dataset Invert Binary','invert_binary'),
(2,'Dataset Grayscale','temp'),
(3,'Dataset Binary','temp_biner'),
(4,'Dataset Baru','Dataset_Baru'),
(5,'Dataset 125','dataset_125'),
(6,'Dataset 150','dataset_150'),
(7,'Dataset 100','dataset_100_new');

/*Table structure for table `tb_hasil_pelatihan` */

DROP TABLE IF EXISTS `tb_hasil_pelatihan`;

CREATE TABLE `tb_hasil_pelatihan` (
  `hasil_pelatihan_id` int(11) NOT NULL AUTO_INCREMENT,
  `nama` varchar(255) DEFAULT NULL,
  `lokasi_model` varchar(255) DEFAULT NULL,
  `acc` varchar(255) DEFAULT NULL,
  `loss` varchar(255) DEFAULT NULL,
  `val_acc` varchar(255) DEFAULT NULL,
  `val_loss` varchar(255) DEFAULT NULL,
  `optimizer` varchar(255) DEFAULT NULL,
  `pretrained` varchar(255) DEFAULT NULL,
  `nama_dataset` varchar(255) DEFAULT NULL,
  `tanggal` datetime DEFAULT NULL,
  `timestamp` datetime NOT NULL DEFAULT CURRENT_TIMESTAMP,
  `timer` varchar(255) DEFAULT NULL,
  `ukuran_citra` varchar(255) DEFAULT NULL,
  `dataset_id` int(11) DEFAULT NULL,
  `pickle` varchar(255) DEFAULT NULL,
  PRIMARY KEY (`hasil_pelatihan_id`),
  KEY `ix_tb_hasil_pelatihan_timestamp` (`timestamp`)
) ENGINE=InnoDB AUTO_INCREMENT=19 DEFAULT CHARSET=latin1;

/*Data for the table `tb_hasil_pelatihan` */

insert  into `tb_hasil_pelatihan`(`hasil_pelatihan_id`,`nama`,`lokasi_model`,`acc`,`loss`,`val_acc`,`val_loss`,`optimizer`,`pretrained`,`nama_dataset`,`tanggal`,`timestamp`,`timer`,`ukuran_citra`,`dataset_id`,`pickle`) values 
(1,'Model Epoch 20','D:/Documents/[TUGAS AKHIR]/Coding/WEB/Writer Identification/app/static/hasil/model/Grayscale_model_epoch_20_2019-12-23_2019-12-23 14-56-32.hdf5','0.9633','0.1112','0.9302','0.2406','ADAMAX','VGG19','Dataset Grayscale','2019-12-23 14:56:32','2019-12-23 14:56:32','5423.603801250458','200,2400',7,'D:/Documents/[TUGAS AKHIR]/Coding/WEB/Writer Identification/app/static/hasil/history/Grayscale_model_epoch_20_2019-12-23_2019-12-23 14-56-32.pickle'),
(2,'Model Epoch 40','D:/Documents/[TUGAS AKHIR]/Coding/WEB/Writer Identification/app/static/hasil/model/Grayscale_model_epoch_40_2019-12-23_2019-12-23 23-05-09.hdf5','0.9977','0.0079','0.9642','0.1023','ADAMAX','VGG19','Dataset Grayscale','2019-12-23 23:05:09','2019-12-23 23:05:09','11055.360140562057','200,2400',7,'D:/Documents/[TUGAS AKHIR]/Coding/WEB/Writer Identification/app/static/hasil/history/Grayscale_model_epoch_40_2019-12-23_2019-12-23 23-05-09.pickle'),
(3,'Model Epoch 60','D:/Documents/[TUGAS AKHIR]/Coding/WEB/Writer Identification/app/static/hasil/model/Grayscale_model_epoch_60_2019-12-23_20-18-47.hdf5','1.0000','0.0030','0.9692','0.0822','ADAMAX','VGG19','Dataset Grayscale','2019-12-23 20:18:47','2019-12-23 20:18:47','16242.349827','200,2400',7,'D:/Documents/[TUGAS AKHIR]/Coding/WEB/Writer Identification/app/static/hasil/history/Grayscale_model_epoch_60_2019-12-23_20-18-47.pickle'),
(4,'Model Epoch 80','D:/Documents/[TUGAS AKHIR]/Coding/WEB/Writer Identification/app/static/hasil/model/Grayscale_model_epoch_80_2019-12-23_20-38-10.hdf5','0.9986','0.0065','0.9752','0.0977','ADAMAX','VGG19','Dataset Grayscale','2019-12-23 20:38:10','2019-12-23 20:38:10','23781.812362','200,2400',7,'D:/Documents/[TUGAS AKHIR]/Coding/WEB/Writer Identification/app/static/hasil/history/Grayscale_model_epoch_80_2019-12-23_20-38-10.pickle'),
(5,'Model Epoch 100','D:/Documents/[TUGAS AKHIR]/Coding/WEB/Writer Identification/app/static/hasil/model/Grayscale_model_epoch_100_2019-12-24_2019-12-24 22-08-32.hdf5','1.0000','0.0005','0.9811','0.0829','ADAMAX','VGG19','Dataset Grayscale','2019-12-24 22:08:32','2019-12-24 22:08:32','27939.88535642624','200,2400',7,'D:/Documents/[TUGAS AKHIR]/Coding/WEB/Writer Identification/app/static/hasil/history/Grayscale_model_epoch_100_2019-12-24_2019-12-24 22-08-32.pickle'),
(6,'Model LR 0.01','D:/Documents/[TUGAS AKHIR]/Coding/WEB/Writer Identification/app/static/hasil/model/Grayscale_model_lr_0_01_2019-12-24_22-10-20.hdf5','0.0091','15.9719','0.0076','15.9953','ADAMAX','VGG19','Dataset Grayscale','2019-12-24 22:10:20','2019-12-24 22:10:20','26846.56691789627','200,2400',7,'D:/Documents/[TUGAS AKHIR]/Coding/WEB/Writer Identification/app/static/hasil/history/Grayscale_model_lr_0_01_2019-12-24_22-10-20.pickle'),
(7,'Model LR 0.0001','D:/Documents/[TUGAS AKHIR]/Coding/WEB/Writer Identification/app/static/hasil/model/Grayscale_model_lr_0_0001_2019-12-25_2019-12-25 10-08-29.hdf5','0.9986','0.0196','0.9698','0.1148','ADAMAX','VGG19','Dataset Grayscale','2019-12-25 10:08:29','2019-12-25 10:08:29','27235.379280805588','200,2400',7,'D:/Documents/[TUGAS AKHIR]/Coding/WEB/Writer Identification/app/static/hasil/history/Grayscale_model_lr_0_0001_2019-12-25_2019-12-25 10-08-29.pickle'),
(8,'Model LR 0.00001','D:/Documents/[TUGAS AKHIR]/Coding/WEB/Writer Identification/app/static/hasil/model/Grayscale_model_lr_0_00001_2019-12-25_10-08-23.hdf5','0.8476','0.7214','0.8829','0.6789','ADAMAX','VGG19','Dataset Grayscale','2019-12-25 10:08:23','2019-12-25 10:08:23','27044.569469213486','200,2400',7,'D:/Documents/[TUGAS AKHIR]/Coding/WEB/Writer Identification/app/static/hasil/history/Grayscale_model_lr_0_00001_2019-12-25_10-08-23.pickle'),
(13,'Pelatihan Uji','D:\\Documents\\[TUGAS AKHIR]\\Coding\\WEB\\Writer Identification\\app/static/hasil/model/Pelatihan Uji.hdf5','0','4','0','3','sgd','VGG19','Dataset 100','2020-06-15 10:44:03','2020-06-15 10:48:40','276','50,300',7,'D:\\Documents\\[TUGAS AKHIR]\\Coding\\WEB\\Writer Identification\\app/static/hasil/history/Pelatihan Uji.pickle'),
(14,'Pelatihan Uji 15 Juni','D:\\Documents\\[TUGAS AKHIR]\\Coding\\WEB\\Writer Identification\\app/static/hasil/model/Pelatihan Uji 15 Juni.hdf5','0','4','0','3','sgd','VGG19','Dataset 100','2020-06-15 11:22:21','2020-06-15 11:27:20','297','50,300',7,'D:\\Documents\\[TUGAS AKHIR]\\Coding\\WEB\\Writer Identification\\app/static/hasil/history/Pelatihan Uji 15 Juni.pickle'),
(15,'Pelatihan Uji 18 Juni','D:\\Documents\\[TUGAS AKHIR]\\Coding\\WEB\\Writer Identification\\app/static/hasil/model/Pelatihan Uji 18 Juni.hdf5','0','4','0','3','adamax','VGG19','Dataset 100','2020-06-18 15:55:33','2020-06-18 16:01:51','376','50,300',7,'D:\\Documents\\[TUGAS AKHIR]\\Coding\\WEB\\Writer Identification\\app/static/hasil/history/Pelatihan Uji 18 Juni.pickle'),
(16,'Pelatihan Uji Pra-Sidang','D:\\Documents\\[TUGAS AKHIR]\\Coding\\WEB\\Writer Identification\\app/static/hasil/model/Pelatihan Uji Pra-Sidang.hdf5','0','5','0','4','sgd','VGG19','Dataset 100','2020-06-19 09:08:03','2020-06-19 09:10:28','143','50,300',7,'D:\\Documents\\[TUGAS AKHIR]\\Coding\\WEB\\Writer Identification\\app/static/hasil/history/Pelatihan Uji Pra-Sidang.pickle'),
(17,'Pelatihan Uji Sidang','D:\\Documents\\[TUGAS AKHIR]\\Coding\\WEB\\Writer Identification\\app/static/hasil/model/Pelatihan Uji Sidang.hdf5','0','15','0','16','adamax','VGG19','Dataset 100','2020-06-19 11:19:21','2020-06-19 11:20:10','47','50,50',7,'D:\\Documents\\[TUGAS AKHIR]\\Coding\\WEB\\Writer Identification\\app/static/hasil/history/Pelatihan Uji Sidang.pickle'),
(18,'Uji Latih','D:\\Documents\\[TUGAS AKHIR]\\Coding\\WEB\\Writer Identification\\app/static/hasil/model/Uji Latih.hdf5','0','1','0','1','adamax','VGG19','Dataset 100','2020-07-14 21:51:42','2020-07-14 22:35:53','2649','50,600',7,'D:\\Documents\\[TUGAS AKHIR]\\Coding\\WEB\\Writer Identification\\app/static/hasil/history/Uji Latih.pickle');

/*Table structure for table `tb_kelas` */

DROP TABLE IF EXISTS `tb_kelas`;

CREATE TABLE `tb_kelas` (
  `kelas_id` int(11) NOT NULL AUTO_INCREMENT,
  `nama_kelas` varchar(255) DEFAULT NULL,
  `jumlah` int(11) DEFAULT NULL,
  `dataset_id` int(11) DEFAULT NULL,
  PRIMARY KEY (`kelas_id`),
  KEY `dataset_id` (`dataset_id`),
  CONSTRAINT `tb_kelas_ibfk_1` FOREIGN KEY (`dataset_id`) REFERENCES `tb_dataset` (`dataset_id`)
) ENGINE=InnoDB AUTO_INCREMENT=688 DEFAULT CHARSET=latin1;

/*Data for the table `tb_kelas` */

insert  into `tb_kelas`(`kelas_id`,`nama_kelas`,`jumlah`,`dataset_id`) values 
(1,'000',111,1),
(2,'025',38,1),
(3,'026',43,1),
(4,'037',41,1),
(5,'058',31,1),
(6,'085',39,1),
(7,'107',36,1),
(8,'109',28,1),
(9,'110',26,1),
(10,'118',39,1),
(11,'123',36,1),
(12,'124',31,1),
(13,'125',48,1),
(14,'126',35,1),
(15,'128',42,1),
(16,'129',36,1),
(17,'130',40,1),
(18,'133',51,1),
(19,'150',89,1),
(20,'151',85,1),
(21,'152',87,1),
(22,'153',97,1),
(23,'154',93,1),
(24,'155',80,1),
(25,'173',49,1),
(26,'174',29,1),
(27,'199',36,1),
(28,'202',51,1),
(29,'203',33,1),
(30,'204',49,1),
(31,'205',40,1),
(32,'206',41,1),
(33,'207',42,1),
(34,'208',40,1),
(35,'209',63,1),
(36,'247',50,1),
(37,'248',42,1),
(38,'273',32,1),
(39,'274',37,1),
(40,'285',43,1),
(41,'287',48,1),
(42,'288',41,1),
(43,'289',46,1),
(44,'292',47,1),
(45,'293',30,1),
(46,'315',58,1),
(47,'332',65,1),
(48,'333',80,1),
(49,'334',75,1),
(50,'335',56,1),
(51,'336',59,1),
(52,'337',59,1),
(53,'338',65,1),
(54,'339',74,1),
(55,'340',64,1),
(56,'341',76,1),
(57,'342',73,1),
(58,'343',66,1),
(59,'344',82,1),
(60,'345',88,1),
(61,'346',85,1),
(62,'347',65,1),
(63,'348',63,1),
(64,'349',72,1),
(65,'351',40,1),
(66,'352',39,1),
(67,'353',48,1),
(68,'354',43,1),
(69,'355',40,1),
(70,'384',98,1),
(71,'385',42,1),
(72,'386',47,1),
(73,'387',44,1),
(74,'389',36,1),
(75,'390',38,1),
(76,'391',40,1),
(77,'393',33,1),
(78,'415',71,1),
(79,'454',40,1),
(80,'455',41,1),
(81,'456',48,1),
(82,'498',43,1),
(83,'544',44,1),
(84,'546',45,1),
(85,'547',52,1),
(86,'548',43,1),
(87,'549',45,1),
(88,'550',37,1),
(89,'551',96,1),
(90,'552',96,1),
(91,'567',61,1),
(92,'582',39,1),
(93,'583',46,1),
(94,'584',44,1),
(95,'585',40,1),
(96,'588',89,1),
(97,'634',94,1),
(98,'635',72,1),
(99,'670',92,1),
(100,'671',105,1),
(101,'000',111,2),
(102,'025',38,2),
(103,'026',43,2),
(104,'037',41,2),
(105,'058',31,2),
(106,'085',39,2),
(107,'107',36,2),
(108,'109',28,2),
(109,'110',26,2),
(110,'118',39,2),
(111,'123',36,2),
(112,'124',31,2),
(113,'125',48,2),
(114,'126',35,2),
(115,'128',42,2),
(116,'129',36,2),
(117,'130',40,2),
(118,'133',51,2),
(119,'150',89,2),
(120,'151',85,2),
(121,'152',87,2),
(122,'153',97,2),
(123,'154',93,2),
(124,'155',80,2),
(125,'173',49,2),
(126,'174',29,2),
(127,'199',36,2),
(128,'202',51,2),
(129,'203',33,2),
(130,'204',49,2),
(131,'205',40,2),
(132,'206',41,2),
(133,'207',42,2),
(134,'208',40,2),
(135,'209',63,2),
(136,'247',50,2),
(137,'248',42,2),
(138,'273',32,2),
(139,'274',37,2),
(140,'285',43,2),
(141,'287',48,2),
(142,'288',41,2),
(143,'289',46,2),
(144,'292',47,2),
(145,'293',30,2),
(146,'315',58,2),
(147,'332',65,2),
(148,'333',80,2),
(149,'334',75,2),
(150,'335',56,2),
(151,'336',59,2),
(152,'337',59,2),
(153,'338',65,2),
(154,'339',74,2),
(155,'340',64,2),
(156,'341',76,2),
(157,'342',73,2),
(158,'343',66,2),
(159,'344',82,2),
(160,'345',88,2),
(161,'346',85,2),
(162,'347',65,2),
(163,'348',63,2),
(164,'349',72,2),
(165,'351',40,2),
(166,'352',39,2),
(167,'353',48,2),
(168,'354',43,2),
(169,'355',40,2),
(170,'384',98,2),
(171,'385',42,2),
(172,'386',47,2),
(173,'387',44,2),
(174,'389',36,2),
(175,'390',38,2),
(176,'391',40,2),
(177,'393',33,2),
(178,'415',71,2),
(179,'454',40,2),
(180,'455',41,2),
(181,'456',48,2),
(182,'498',43,2),
(183,'544',44,2),
(184,'546',45,2),
(185,'547',52,2),
(186,'548',43,2),
(187,'549',45,2),
(188,'550',37,2),
(189,'551',96,2),
(190,'552',96,2),
(191,'567',61,2),
(192,'582',39,2),
(193,'583',46,2),
(194,'584',44,2),
(195,'585',40,2),
(196,'588',89,2),
(197,'634',94,2),
(198,'635',72,2),
(199,'670',92,2),
(200,'671',105,2),
(201,'000',111,3),
(202,'025',38,3),
(203,'026',43,3),
(204,'037',41,3),
(205,'058',31,3),
(206,'085',39,3),
(207,'107',36,3),
(208,'109',28,3),
(209,'110',26,3),
(210,'118',39,3),
(211,'123',36,3),
(212,'124',31,3),
(213,'125',48,3),
(214,'126',35,3),
(215,'128',42,3),
(216,'129',36,3),
(217,'130',40,3),
(218,'133',51,3),
(219,'150',89,3),
(220,'151',85,3),
(221,'152',87,3),
(222,'153',97,3),
(223,'154',93,3),
(224,'155',80,3),
(225,'173',49,3),
(226,'174',29,3),
(227,'199',36,3),
(228,'202',51,3),
(229,'203',33,3),
(230,'204',49,3),
(231,'205',40,3),
(232,'206',41,3),
(233,'207',42,3),
(234,'208',40,3),
(235,'209',63,3),
(236,'247',50,3),
(237,'248',42,3),
(238,'273',32,3),
(239,'274',37,3),
(240,'285',43,3),
(241,'287',48,3),
(242,'288',41,3),
(243,'289',46,3),
(244,'292',47,3),
(245,'293',30,3),
(246,'315',58,3),
(247,'332',65,3),
(248,'333',80,3),
(249,'334',75,3),
(250,'335',56,3),
(251,'336',59,3),
(252,'337',59,3),
(253,'338',65,3),
(254,'339',74,3),
(255,'340',64,3),
(256,'341',76,3),
(257,'342',73,3),
(258,'343',66,3),
(259,'344',82,3),
(260,'345',88,3),
(261,'346',85,3),
(262,'347',65,3),
(263,'348',63,3),
(264,'349',72,3),
(265,'351',40,3),
(266,'352',39,3),
(267,'353',48,3),
(268,'354',43,3),
(269,'355',40,3),
(270,'384',98,3),
(271,'385',42,3),
(272,'386',47,3),
(273,'387',44,3),
(274,'389',36,3),
(275,'390',38,3),
(276,'391',40,3),
(277,'393',33,3),
(278,'415',71,3),
(279,'454',40,3),
(280,'455',41,3),
(281,'456',48,3),
(282,'498',43,3),
(283,'544',44,3),
(284,'546',45,3),
(285,'547',52,3),
(286,'548',43,3),
(287,'549',45,3),
(288,'550',37,3),
(289,'551',96,3),
(290,'552',96,3),
(291,'567',61,3),
(292,'582',39,3),
(293,'583',46,3),
(294,'584',44,3),
(295,'585',40,3),
(296,'588',89,3),
(297,'634',94,3),
(298,'635',72,3),
(299,'670',92,3),
(300,'671',105,3),
(301,'Gunaya',2,4),
(302,'Anang',0,4),
(303,'gunawan',0,4),
(304,'deva',0,4),
(312,'Dedy',0,4),
(313,'000',111,5),
(314,'007',21,5),
(315,'013',30,5),
(316,'016',27,5),
(317,'017',26,5),
(318,'019',27,5),
(319,'025',38,5),
(320,'026',43,5),
(321,'037',41,5),
(322,'058',31,5),
(323,'059',27,5),
(324,'060',36,5),
(325,'061',25,5),
(326,'062',23,5),
(327,'063',27,5),
(328,'064',35,5),
(329,'066',12,5),
(330,'084',13,5),
(331,'085',39,5),
(332,'087',22,5),
(333,'088',18,5),
(334,'089',22,5),
(335,'090',18,5),
(336,'091',21,5),
(337,'092',26,5),
(338,'093',26,5),
(339,'094',21,5),
(340,'107',36,5),
(341,'108',28,5),
(342,'109',28,5),
(343,'110',26,5),
(344,'111',32,5),
(345,'112',29,5),
(346,'113',29,5),
(347,'118',39,5),
(348,'123',36,5),
(349,'124',31,5),
(350,'125',48,5),
(351,'126',35,5),
(352,'128',42,5),
(353,'129',36,5),
(354,'130',40,5),
(355,'133',51,5),
(356,'150',89,5),
(357,'151',85,5),
(358,'152',87,5),
(359,'153',97,5),
(360,'154',93,5),
(361,'155',80,5),
(362,'173',49,5),
(363,'174',29,5),
(364,'199',36,5),
(365,'202',51,5),
(366,'203',33,5),
(367,'204',49,5),
(368,'205',40,5),
(369,'206',41,5),
(370,'207',42,5),
(371,'208',40,5),
(372,'209',63,5),
(373,'247',50,5),
(374,'248',42,5),
(375,'273',32,5),
(376,'274',37,5),
(377,'285',43,5),
(378,'287',48,5),
(379,'288',41,5),
(380,'289',46,5),
(381,'292',47,5),
(382,'293',30,5),
(383,'315',58,5),
(384,'332',65,5),
(385,'333',80,5),
(386,'334',75,5),
(387,'335',56,5),
(388,'336',59,5),
(389,'337',59,5),
(390,'338',65,5),
(391,'339',74,5),
(392,'340',64,5),
(393,'341',76,5),
(394,'342',73,5),
(395,'343',66,5),
(396,'344',82,5),
(397,'345',88,5),
(398,'346',85,5),
(399,'347',65,5),
(400,'348',63,5),
(401,'349',72,5),
(402,'351',40,5),
(403,'352',39,5),
(404,'353',48,5),
(405,'354',43,5),
(406,'355',40,5),
(407,'384',98,5),
(408,'385',42,5),
(409,'386',47,5),
(410,'387',44,5),
(411,'389',36,5),
(412,'390',38,5),
(413,'391',40,5),
(414,'393',33,5),
(415,'415',71,5),
(416,'454',40,5),
(417,'455',41,5),
(418,'456',48,5),
(419,'498',43,5),
(420,'544',44,5),
(421,'546',45,5),
(422,'547',52,5),
(423,'548',43,5),
(424,'549',45,5),
(425,'550',37,5),
(426,'551',96,5),
(427,'552',96,5),
(428,'567',61,5),
(429,'582',39,5),
(430,'583',46,5),
(431,'584',44,5),
(432,'585',40,5),
(433,'588',89,5),
(434,'634',94,5),
(435,'635',72,5),
(436,'670',92,5),
(437,'671',105,5),
(438,'000',111,6),
(439,'007',21,6),
(440,'013',30,6),
(441,'016',27,6),
(442,'017',26,6),
(443,'019',27,6),
(444,'025',38,6),
(445,'026',43,6),
(446,'037',41,6),
(447,'058',31,6),
(448,'059',27,6),
(449,'060',36,6),
(450,'061',25,6),
(451,'062',23,6),
(452,'063',27,6),
(453,'064',35,6),
(454,'066',12,6),
(455,'084',13,6),
(456,'085',39,6),
(457,'087',22,6),
(458,'088',18,6),
(459,'089',22,6),
(460,'090',18,6),
(461,'091',21,6),
(462,'092',26,6),
(463,'093',26,6),
(464,'094',21,6),
(465,'107',36,6),
(466,'108',28,6),
(467,'109',28,6),
(468,'110',26,6),
(469,'111',32,6),
(470,'112',29,6),
(471,'113',29,6),
(472,'114',21,6),
(473,'117',35,6),
(474,'118',39,6),
(475,'119',18,6),
(476,'123',36,6),
(477,'124',31,6),
(478,'125',48,6),
(479,'126',35,6),
(480,'127',31,6),
(481,'128',42,6),
(482,'129',36,6),
(483,'130',40,6),
(484,'131',32,6),
(485,'132',30,6),
(486,'133',51,6),
(487,'135',18,6),
(488,'140',15,6),
(489,'150',89,6),
(490,'151',85,6),
(491,'152',87,6),
(492,'153',97,6),
(493,'154',93,6),
(494,'155',80,6),
(495,'158',20,6),
(496,'160',12,6),
(497,'163',16,6),
(498,'164',15,6),
(499,'165',14,6),
(500,'172',10,6),
(501,'173',49,6),
(502,'174',29,6),
(503,'178',15,6),
(504,'181',24,6),
(505,'185',16,6),
(506,'188',16,6),
(507,'193',38,6),
(508,'198',12,6),
(509,'199',36,6),
(510,'202',51,6),
(511,'203',33,6),
(512,'204',49,6),
(513,'205',40,6),
(514,'206',41,6),
(515,'207',42,6),
(516,'208',40,6),
(517,'209',63,6),
(518,'212',24,6),
(519,'213',18,6),
(520,'214',9,6),
(521,'216',17,6),
(522,'217',24,6),
(523,'247',50,6),
(524,'248',42,6),
(525,'273',32,6),
(526,'274',37,6),
(527,'285',43,6),
(528,'287',48,6),
(529,'288',41,6),
(530,'289',46,6),
(531,'292',47,6),
(532,'293',30,6),
(533,'315',58,6),
(534,'332',65,6),
(535,'333',80,6),
(536,'334',75,6),
(537,'335',56,6),
(538,'336',59,6),
(539,'337',59,6),
(540,'338',65,6),
(541,'339',74,6),
(542,'340',64,6),
(543,'341',76,6),
(544,'342',73,6),
(545,'343',66,6),
(546,'344',82,6),
(547,'345',88,6),
(548,'346',85,6),
(549,'347',65,6),
(550,'348',63,6),
(551,'349',72,6),
(552,'351',40,6),
(553,'352',39,6),
(554,'353',48,6),
(555,'354',43,6),
(556,'355',40,6),
(557,'384',98,6),
(558,'385',42,6),
(559,'386',47,6),
(560,'387',44,6),
(561,'389',36,6),
(562,'390',38,6),
(563,'391',40,6),
(564,'393',33,6),
(565,'415',71,6),
(566,'454',40,6),
(567,'455',41,6),
(568,'456',48,6),
(569,'498',43,6),
(570,'544',44,6),
(571,'546',45,6),
(572,'547',52,6),
(573,'548',43,6),
(574,'549',45,6),
(575,'550',37,6),
(576,'551',96,6),
(577,'552',96,6),
(578,'567',61,6),
(579,'582',39,6),
(580,'583',46,6),
(581,'584',44,6),
(582,'585',40,6),
(583,'588',89,6),
(584,'634',94,6),
(585,'635',72,6),
(586,'670',92,6),
(587,'671',105,6),
(588,'001',111,7),
(589,'002',38,7),
(590,'003',43,7),
(591,'004',41,7),
(592,'005',31,7),
(593,'006',39,7),
(594,'007',36,7),
(595,'008',28,7),
(596,'009',26,7),
(597,'010',39,7),
(598,'011',36,7),
(599,'012',31,7),
(600,'013',48,7),
(601,'014',35,7),
(602,'015',42,7),
(603,'016',36,7),
(604,'017',40,7),
(605,'018',51,7),
(606,'019',89,7),
(607,'020',85,7),
(608,'021',87,7),
(609,'022',97,7),
(610,'023',93,7),
(611,'024',80,7),
(612,'025',49,7),
(613,'026',29,7),
(614,'027',36,7),
(615,'028',51,7),
(616,'029',33,7),
(617,'030',49,7),
(618,'031',40,7),
(619,'032',41,7),
(620,'033',42,7),
(621,'034',40,7),
(622,'035',63,7),
(623,'036',50,7),
(624,'037',42,7),
(625,'038',32,7),
(626,'039',37,7),
(627,'040',43,7),
(628,'041',48,7),
(629,'042',41,7),
(630,'043',46,7),
(631,'044',47,7),
(632,'045',30,7),
(633,'046',58,7),
(634,'047',65,7),
(635,'048',80,7),
(636,'049',75,7),
(637,'050',56,7),
(638,'051',59,7),
(639,'052',59,7),
(640,'053',65,7),
(641,'054',74,7),
(642,'055',64,7),
(643,'056',76,7),
(644,'057',73,7),
(645,'058',66,7),
(646,'059',82,7),
(647,'060',88,7),
(648,'061',85,7),
(649,'062',65,7),
(650,'063',63,7),
(651,'064',72,7),
(652,'065',40,7),
(653,'066',39,7),
(654,'067',48,7),
(655,'068',43,7),
(656,'069',40,7),
(657,'070',98,7),
(658,'071',42,7),
(659,'072',47,7),
(660,'073',44,7),
(661,'074',36,7),
(662,'075',38,7),
(663,'076',40,7),
(664,'077',33,7),
(665,'078',71,7),
(666,'079',40,7),
(667,'080',41,7),
(668,'081',48,7),
(669,'082',43,7),
(670,'083',44,7),
(671,'084',45,7),
(672,'085',52,7),
(673,'086',43,7),
(674,'087',45,7),
(675,'088',37,7),
(676,'089',96,7),
(677,'090',96,7),
(678,'091',61,7),
(679,'092',39,7),
(680,'093',46,7),
(681,'094',44,7),
(682,'095',40,7),
(683,'096',89,7),
(684,'097',94,7),
(685,'098',72,7),
(686,'099',92,7),
(687,'100',105,7);

/*!40101 SET SQL_MODE=@OLD_SQL_MODE */;
/*!40014 SET FOREIGN_KEY_CHECKS=@OLD_FOREIGN_KEY_CHECKS */;
/*!40014 SET UNIQUE_CHECKS=@OLD_UNIQUE_CHECKS */;
/*!40111 SET SQL_NOTES=@OLD_SQL_NOTES */;
